Office,Address1,Address2,Address3,City,State,Zip,Phone,Fax
Headquarters,1600 Amphitheatre Parkway,,,Mountain View,CA,94043,650-253-0000,650-253-0001
New York Sales & Engineering Office,76 Ninth Avenue,,,New York,NY,10011,212-565-0000,212-565-0001
Ann Arbor Sales Office,201 South Division Street,,,Ann Arbor,MI,48104,734-332-6500,734-332-6501
Atlanta Sales & Engineering Office,10 10th Street NE,,,Atlanta,GA,30309,404-487-9000,404-487-9001
Boulder Sales & Engineering Office,2590 Pearl St.,,,Boulder,CO,80302,303-245-0086,303-535-5592
Cambridge Sales & Engineering Office,One Broadway,,,Cambridge,MA,2142,617-682-3635,617-249-0199
Chicago Sales & Engineering Office,20 West Kinzie St.,,,Chicago,IL,60610,312-840-4100,312-840-4101
Coppell Sales Office,701 Canyon Drive,,,Coppell,TX,75019,214-451-4000,214-451-4001
Dallas Sales Office,III Lincoln Center,5430 LBJ Freeway,,Dallas,TX,75240,972-663-9460,972-663-9462
Denver Sales Office,4600 S. Syracuse St.,,,Denver,CO,80237,720-225-3500,720-225-3501
Detroit Sales Office,2000 Town Center,,,Southfield,MI,48075,248-351-6220,248-351-6227
Irvine Sales & Engineering Office,19540 Jamboree Road,,,Irvine,CA,92612,949-794-1600,949-794-1601
Phoenix Sales & Engineering Office,1551 S. Rural Road,,,Tempe,AZ,85281,480-384-1000,480-384-1001
Pittsburgh Engineering Office,4720 Forbes Avenue,,,Pittsburgh,PA,15213,,
Santa Monica Sales & Engineering Office,604 Arizona Avenue,,,Santa Monica,CA,90401,310-460-4000,310-309-6840
Seattle Engineering Office,720 4th Avenue,,,Kirkland,WA,98033,425-739-5600,425-739-5601
Seattle Sales Office,501 N. 34th Street,,,Seattle,WA,98103,206-876-1500,206-876-1501
Washington D.C. Public Policy Office,1001 Pennsylvania Avenue NW,,,Washington,DC,20004,202-742-6520,
